{"cameraMode":{"drawMode":0,"name":"Shaded","section":"Shading Mode"},"sceneLighting":false,"audioPlay":false,"sceneViewState":{"showFog":true,"showMaterialUpdate":false,"showSkybox":false,"showFlares":true,"showImageEffects":true,"showParticleSystems":true,"showVisualEffectGraphs":true,"m_FxEnabled":true},"in2DMode":false,"pivot":{"x":1.7209413051605225,"y":-4.6041059494018559,"z":-7.038232326507568},"rotation":{"x":0.027174631133675576,"y":0.9593086838722229,"z":-0.26228374242782595,"w":0.10109003633260727},"size":5.726040840148926,"orthographic":false}