{"cameraMode":{"drawMode":0,"name":"Shaded","section":"Shading Mode"},"sceneLighting":true,"audioPlay":false,"sceneViewState":{"showFog":true,"showMaterialUpdate":false,"showSkybox":true,"showFlares":true,"showImageEffects":true,"showParticleSystems":true,"showVisualEffectGraphs":true,"m_FxEnabled":true},"in2DMode":false,"pivot":{"x":-357.91900634765627,"y":44.680015563964847,"z":-33.30140686035156},"rotation":{"x":0.005462636239826679,"y":0.9884421229362488,"z":-0.14621254801750184,"w":0.039988335222005847},"size":1.4712269306182862,"orthographic":false}