{"cameraMode":{"drawMode":0,"name":"Shaded","section":"Shading Mode"},"sceneLighting":false,"audioPlay":false,"sceneViewState":{"showFog":true,"showMaterialUpdate":false,"showSkybox":false,"showFlares":true,"showImageEffects":true,"showParticleSystems":true,"showVisualEffectGraphs":true,"m_FxEnabled":true},"in2DMode":false,"pivot":{"x":1.5604307651519776,"y":-0.7318242788314819,"z":2.187894105911255},"rotation":{"x":0.19636373221874238,"y":0.31257855892181399,"z":-0.06647394597530365,"w":0.9270676374435425},"size":2.4635000228881838,"orthographic":false}