{"cameraMode":{"drawMode":0,"name":"Shaded","section":"Shading Mode"},"sceneLighting":false,"audioPlay":false,"sceneViewState":{"showFog":true,"showMaterialUpdate":false,"showSkybox":false,"showFlares":true,"showImageEffects":true,"showParticleSystems":true,"showVisualEffectGraphs":true,"m_FxEnabled":true},"in2DMode":false,"pivot":{"x":472.9835510253906,"y":179.6162872314453,"z":21.18292236328125},"rotation":{"x":-0.061735983937978747,"y":-0.031766727566719058,"z":0.002185932593420148,"w":-0.9976468086242676},"size":213.82386779785157,"orthographic":false}