{"cameraMode":{"drawMode":0,"name":"Shaded","section":"Shading Mode"},"sceneLighting":false,"audioPlay":false,"sceneViewState":{"showFog":true,"showMaterialUpdate":false,"showSkybox":false,"showFlares":true,"showImageEffects":true,"showParticleSystems":true,"showVisualEffectGraphs":true,"m_FxEnabled":true},"in2DMode":false,"pivot":{"x":-5.960464477539063e-8,"y":1.6093287467956544,"z":0.07277512550354004},"rotation":{"x":0.027974171563982965,"y":-0.9269914031028748,"z":0.0693407878279686,"w":0.3675748109817505},"size":2.0793426036834719,"orthographic":false}